{
  "project_info": {
    "project_number": "873721577494",
    "project_id": "tiffinmate-d03b2",
    "storage_bucket": "tiffinmate-d03b2.firebasestorage.app"
  },
  "client": [
    {
      "client_info": {
        "mobilesdk_app_id": "1:873721577494:android:b68f700eaa9cb9452f7537",
        "android_client_info": {
          "package_name": "com.company.tiffinmate"
        }
      },
      "oauth_client": [],
      "api_key": [
        {
          "current_key": "AIzaSyCX9LZQXnyah_6CyiaNeMTdK5Had6lEwnw"
        }
      ],
      "services": {
        "appinvite_service": {
          "other_platform_oauth_client": []
        }
      }
    },
    {
      "client_info": {
        "mobilesdk_app_id": "1:873721577494:android:faa979c94e53e8422f7537",
        "android_client_info": {
          "package_name": "com.example.tiffinmate"
        }
      },
      "oauth_client": [],
      "api_key": [
        {
          "current_key": "AIzaSyCX9LZQXnyah_6CyiaNeMTdK5Had6lEwnw"
        }
      ],
      "services": {
        "appinvite_service": {
          "other_platform_oauth_client": []
        }
      }
    }
  ],
  "configuration_version": "1"
}